username,firstname,lastname,email,auth,cohort1,lang,country,suspended
est001,Nombre1,Apellido1,est001@colegio-demo.edu.co,oauth2,Estudiantes-2025A,es,CO,0
est002,Nombre2,Apellido2,est002@colegio-demo.edu.co,oauth2,Estudiantes-2025A,es,CO,0
est003,Nombre3,Apellido3,est003@colegio-demo.edu.co,oauth2,Estudiantes-2025A,es,CO,0
est004,Nombre4,Apellido4,est004@colegio-demo.edu.co,oauth2,Estudiantes-2025A,es,CO,0
est005,Nombre5,Apellido5,est005@colegio-demo.edu.co,oauth2,Estudiantes-2025A,es,CO,0
est006,Nombre6,Apellido6,est006@colegio-demo.edu.co,oauth2,Estudiantes-2025A,es,CO,0
est007,Nombre7,Apellido7,est007@colegio-demo.edu.co,oauth2,Estudiantes-2025A,es,CO,0
est008,Nombre8,Apellido8,est008@colegio-demo.edu.co,oauth2,Estudiantes-2025A,es,CO,0
est009,Nombre9,Apellido9,est009@colegio-demo.edu.co,oauth2,Estudiantes-2025A,es,CO,0
est010,Nombre10,Apellido10,est010@colegio-demo.edu.co,oauth2,Estudiantes-2025A,es,CO,0
est011,Nombre11,Apellido11,est011@colegio-demo.edu.co,oauth2,Estudiantes-2025A,es,CO,0
est012,Nombre12,Apellido12,est012@colegio-demo.edu.co,oauth2,Estudiantes-2025A,es,CO,0
est013,Nombre13,Apellido13,est013@colegio-demo.edu.co,oauth2,Estudiantes-2025A,es,CO,0
est014,Nombre14,Apellido14,est014@colegio-demo.edu.co,oauth2,Estudiantes-2025A,es,CO,0
est015,Nombre15,Apellido15,est015@colegio-demo.edu.co,oauth2,Estudiantes-2025A,es,CO,0
est016,Nombre16,Apellido16,est016@colegio-demo.edu.co,oauth2,Estudiantes-2025A,es,CO,0
est017,Nombre17,Apellido17,est017@colegio-demo.edu.co,oauth2,Estudiantes-2025A,es,CO,0
est018,Nombre18,Apellido18,est018@colegio-demo.edu.co,oauth2,Estudiantes-2025A,es,CO,0
est019,Nombre19,Apellido19,est019@colegio-demo.edu.co,oauth2,Estudiantes-2025A,es,CO,0
est020,Nombre20,Apellido20,est020@colegio-demo.edu.co,oauth2,Estudiantes-2025A,es,CO,0
est021,Nombre21,Apellido21,est021@colegio-demo.edu.co,oauth2,Estudiantes-2025A,es,CO,0
est022,Nombre22,Apellido22,est022@colegio-demo.edu.co,oauth2,Estudiantes-2025A,es,CO,0
est023,Nombre23,Apellido23,est023@colegio-demo.edu.co,oauth2,Estudiantes-2025A,es,CO,0
est024,Nombre24,Apellido24,est024@colegio-demo.edu.co,oauth2,Estudiantes-2025A,es,CO,0
est025,Nombre25,Apellido25,est025@colegio-demo.edu.co,oauth2,Estudiantes-2025A,es,CO,0
est026,Nombre26,Apellido26,est026@colegio-demo.edu.co,oauth2,Estudiantes-2025A,es,CO,0
est027,Nombre27,Apellido27,est027@colegio-demo.edu.co,oauth2,Estudiantes-2025A,es,CO,0
est028,Nombre28,Apellido28,est028@colegio-demo.edu.co,oauth2,Estudiantes-2025A,es,CO,0
est029,Nombre29,Apellido29,est029@colegio-demo.edu.co,oauth2,Estudiantes-2025A,es,CO,0
est030,Nombre30,Apellido30,est030@colegio-demo.edu.co,oauth2,Estudiantes-2025A,es,CO,0
est031,Nombre31,Apellido31,est031@colegio-demo.edu.co,oauth2,Estudiantes-2025A,es,CO,0
est032,Nombre32,Apellido32,est032@colegio-demo.edu.co,oauth2,Estudiantes-2025A,es,CO,0
est033,Nombre33,Apellido33,est033@colegio-demo.edu.co,oauth2,Estudiantes-2025A,es,CO,0
est034,Nombre34,Apellido34,est034@colegio-demo.edu.co,oauth2,Estudiantes-2025A,es,CO,0
est035,Nombre35,Apellido35,est035@colegio-demo.edu.co,oauth2,Estudiantes-2025A,es,CO,0
est036,Nombre36,Apellido36,est036@colegio-demo.edu.co,oauth2,Estudiantes-2025A,es,CO,0
est037,Nombre37,Apellido37,est037@colegio-demo.edu.co,oauth2,Estudiantes-2025A,es,CO,0
est038,Nombre38,Apellido38,est038@colegio-demo.edu.co,oauth2,Estudiantes-2025A,es,CO,0
est039,Nombre39,Apellido39,est039@colegio-demo.edu.co,oauth2,Estudiantes-2025A,es,CO,0
est040,Nombre40,Apellido40,est040@colegio-demo.edu.co,oauth2,Estudiantes-2025A,es,CO,0
est041,Nombre41,Apellido41,est041@colegio-demo.edu.co,oauth2,Estudiantes-2025A,es,CO,0
est042,Nombre42,Apellido42,est042@colegio-demo.edu.co,oauth2,Estudiantes-2025A,es,CO,0
est043,Nombre43,Apellido43,est043@colegio-demo.edu.co,oauth2,Estudiantes-2025A,es,CO,0
est044,Nombre44,Apellido44,est044@colegio-demo.edu.co,oauth2,Estudiantes-2025A,es,CO,0
est045,Nombre45,Apellido45,est045@colegio-demo.edu.co,oauth2,Estudiantes-2025A,es,CO,0
est046,Nombre46,Apellido46,est046@colegio-demo.edu.co,oauth2,Estudiantes-2025A,es,CO,0
est047,Nombre47,Apellido47,est047@colegio-demo.edu.co,oauth2,Estudiantes-2025A,es,CO,0
est048,Nombre48,Apellido48,est048@colegio-demo.edu.co,oauth2,Estudiantes-2025A,es,CO,0
est049,Nombre49,Apellido49,est049@colegio-demo.edu.co,oauth2,Estudiantes-2025A,es,CO,0
est050,Nombre50,Apellido50,est050@colegio-demo.edu.co,oauth2,Estudiantes-2025A,es,CO,0
est051,Nombre51,Apellido51,est051@colegio-demo.edu.co,oauth2,Estudiantes-2025A,es,CO,0
est052,Nombre52,Apellido52,est052@colegio-demo.edu.co,oauth2,Estudiantes-2025A,es,CO,0
est053,Nombre53,Apellido53,est053@colegio-demo.edu.co,oauth2,Estudiantes-2025A,es,CO,0
est054,Nombre54,Apellido54,est054@colegio-demo.edu.co,oauth2,Estudiantes-2025A,es,CO,0
est055,Nombre55,Apellido55,est055@colegio-demo.edu.co,oauth2,Estudiantes-2025A,es,CO,0
est056,Nombre56,Apellido56,est056@colegio-demo.edu.co,oauth2,Estudiantes-2025A,es,CO,0
est057,Nombre57,Apellido57,est057@colegio-demo.edu.co,oauth2,Estudiantes-2025A,es,CO,0
est058,Nombre58,Apellido58,est058@colegio-demo.edu.co,oauth2,Estudiantes-2025A,es,CO,0
est059,Nombre59,Apellido59,est059@colegio-demo.edu.co,oauth2,Estudiantes-2025A,es,CO,0
est060,Nombre60,Apellido60,est060@colegio-demo.edu.co,oauth2,Estudiantes-2025A,es,CO,0
est061,Nombre61,Apellido61,est061@colegio-demo.edu.co,oauth2,Estudiantes-2025A,es,CO,0
est062,Nombre62,Apellido62,est062@colegio-demo.edu.co,oauth2,Estudiantes-2025A,es,CO,0
est063,Nombre63,Apellido63,est063@colegio-demo.edu.co,oauth2,Estudiantes-2025A,es,CO,0
est064,Nombre64,Apellido64,est064@colegio-demo.edu.co,oauth2,Estudiantes-2025A,es,CO,0
est065,Nombre65,Apellido65,est065@colegio-demo.edu.co,oauth2,Estudiantes-2025A,es,CO,0
est066,Nombre66,Apellido66,est066@colegio-demo.edu.co,oauth2,Estudiantes-2025A,es,CO,0
est067,Nombre67,Apellido67,est067@colegio-demo.edu.co,oauth2,Estudiantes-2025A,es,CO,0
est068,Nombre68,Apellido68,est068@colegio-demo.edu.co,oauth2,Estudiantes-2025A,es,CO,0
est069,Nombre69,Apellido69,est069@colegio-demo.edu.co,oauth2,Estudiantes-2025A,es,CO,0
est070,Nombre70,Apellido70,est070@colegio-demo.edu.co,oauth2,Estudiantes-2025A,es,CO,0
est071,Nombre71,Apellido71,est071@colegio-demo.edu.co,oauth2,Estudiantes-2025A,es,CO,0
est072,Nombre72,Apellido72,est072@colegio-demo.edu.co,oauth2,Estudiantes-2025A,es,CO,0
est073,Nombre73,Apellido73,est073@colegio-demo.edu.co,oauth2,Estudiantes-2025A,es,CO,0
est074,Nombre74,Apellido74,est074@colegio-demo.edu.co,oauth2,Estudiantes-2025A,es,CO,0
est075,Nombre75,Apellido75,est075@colegio-demo.edu.co,oauth2,Estudiantes-2025A,es,CO,0
est076,Nombre76,Apellido76,est076@colegio-demo.edu.co,oauth2,Estudiantes-2025A,es,CO,0
est077,Nombre77,Apellido77,est077@colegio-demo.edu.co,oauth2,Estudiantes-2025A,es,CO,0
est078,Nombre78,Apellido78,est078@colegio-demo.edu.co,oauth2,Estudiantes-2025A,es,CO,0
est079,Nombre79,Apellido79,est079@colegio-demo.edu.co,oauth2,Estudiantes-2025A,es,CO,0
est080,Nombre80,Apellido80,est080@colegio-demo.edu.co,oauth2,Estudiantes-2025A,es,CO,0
est081,Nombre81,Apellido81,est081@colegio-demo.edu.co,oauth2,Estudiantes-2025A,es,CO,0
est082,Nombre82,Apellido82,est082@colegio-demo.edu.co,oauth2,Estudiantes-2025A,es,CO,0
est083,Nombre83,Apellido83,est083@colegio-demo.edu.co,oauth2,Estudiantes-2025A,es,CO,0
est084,Nombre84,Apellido84,est084@colegio-demo.edu.co,oauth2,Estudiantes-2025A,es,CO,0
est085,Nombre85,Apellido85,est085@colegio-demo.edu.co,oauth2,Estudiantes-2025A,es,CO,0
est086,Nombre86,Apellido86,est086@colegio-demo.edu.co,oauth2,Estudiantes-2025A,es,CO,0
est087,Nombre87,Apellido87,est087@colegio-demo.edu.co,oauth2,Estudiantes-2025A,es,CO,0
est088,Nombre88,Apellido88,est088@colegio-demo.edu.co,oauth2,Estudiantes-2025A,es,CO,0
est089,Nombre89,Apellido89,est089@colegio-demo.edu.co,oauth2,Estudiantes-2025A,es,CO,0
est090,Nombre90,Apellido90,est090@colegio-demo.edu.co,oauth2,Estudiantes-2025A,es,CO,0
est091,Nombre91,Apellido91,est091@colegio-demo.edu.co,oauth2,Estudiantes-2025A,es,CO,0
est092,Nombre92,Apellido92,est092@colegio-demo.edu.co,oauth2,Estudiantes-2025A,es,CO,0
est093,Nombre93,Apellido93,est093@colegio-demo.edu.co,oauth2,Estudiantes-2025A,es,CO,0
est094,Nombre94,Apellido94,est094@colegio-demo.edu.co,oauth2,Estudiantes-2025A,es,CO,0
est095,Nombre95,Apellido95,est095@colegio-demo.edu.co,oauth2,Estudiantes-2025A,es,CO,0
est096,Nombre96,Apellido96,est096@colegio-demo.edu.co,oauth2,Estudiantes-2025A,es,CO,0
est097,Nombre97,Apellido97,est097@colegio-demo.edu.co,oauth2,Estudiantes-2025A,es,CO,0
est098,Nombre98,Apellido98,est098@colegio-demo.edu.co,oauth2,Estudiantes-2025A,es,CO,0
est099,Nombre99,Apellido99,est099@colegio-demo.edu.co,oauth2,Estudiantes-2025A,es,CO,0
est100,Nombre100,Apellido100,est100@colegio-demo.edu.co,oauth2,Estudiantes-2025A,es,CO,0
est101,Nombre101,Apellido101,est101@colegio-demo.edu.co,oauth2,Estudiantes-2025A,es,CO,0
est102,Nombre102,Apellido102,est102@colegio-demo.edu.co,oauth2,Estudiantes-2025A,es,CO,0
est103,Nombre103,Apellido103,est103@colegio-demo.edu.co,oauth2,Estudiantes-2025A,es,CO,0
est104,Nombre104,Apellido104,est104@colegio-demo.edu.co,oauth2,Estudiantes-2025A,es,CO,0
est105,Nombre105,Apellido105,est105@colegio-demo.edu.co,oauth2,Estudiantes-2025A,es,CO,0
est106,Nombre106,Apellido106,est106@colegio-demo.edu.co,oauth2,Estudiantes-2025A,es,CO,0
est107,Nombre107,Apellido107,est107@colegio-demo.edu.co,oauth2,Estudiantes-2025A,es,CO,0
est108,Nombre108,Apellido108,est108@colegio-demo.edu.co,oauth2,Estudiantes-2025A,es,CO,0
est109,Nombre109,Apellido109,est109@colegio-demo.edu.co,oauth2,Estudiantes-2025A,es,CO,0
est110,Nombre110,Apellido110,est110@colegio-demo.edu.co,oauth2,Estudiantes-2025A,es,CO,0
est111,Nombre111,Apellido111,est111@colegio-demo.edu.co,oauth2,Estudiantes-2025A,es,CO,0
est112,Nombre112,Apellido112,est112@colegio-demo.edu.co,oauth2,Estudiantes-2025A,es,CO,0
est113,Nombre113,Apellido113,est113@colegio-demo.edu.co,oauth2,Estudiantes-2025A,es,CO,0
est114,Nombre114,Apellido114,est114@colegio-demo.edu.co,oauth2,Estudiantes-2025A,es,CO,0
est115,Nombre115,Apellido115,est115@colegio-demo.edu.co,oauth2,Estudiantes-2025A,es,CO,0
est116,Nombre116,Apellido116,est116@colegio-demo.edu.co,oauth2,Estudiantes-2025A,es,CO,0
est117,Nombre117,Apellido117,est117@colegio-demo.edu.co,oauth2,Estudiantes-2025A,es,CO,0
est118,Nombre118,Apellido118,est118@colegio-demo.edu.co,oauth2,Estudiantes-2025A,es,CO,0
est119,Nombre119,Apellido119,est119@colegio-demo.edu.co,oauth2,Estudiantes-2025A,es,CO,0
est120,Nombre120,Apellido120,est120@colegio-demo.edu.co,oauth2,Estudiantes-2025A,es,CO,0
est121,Nombre121,Apellido121,est121@colegio-demo.edu.co,oauth2,Estudiantes-2025A,es,CO,0
est122,Nombre122,Apellido122,est122@colegio-demo.edu.co,oauth2,Estudiantes-2025A,es,CO,0
est123,Nombre123,Apellido123,est123@colegio-demo.edu.co,oauth2,Estudiantes-2025A,es,CO,0
est124,Nombre124,Apellido124,est124@colegio-demo.edu.co,oauth2,Estudiantes-2025A,es,CO,0
est125,Nombre125,Apellido125,est125@colegio-demo.edu.co,oauth2,Estudiantes-2025A,es,CO,0
est126,Nombre126,Apellido126,est126@colegio-demo.edu.co,oauth2,Estudiantes-2025A,es,CO,0
est127,Nombre127,Apellido127,est127@colegio-demo.edu.co,oauth2,Estudiantes-2025A,es,CO,0
est128,Nombre128,Apellido128,est128@colegio-demo.edu.co,oauth2,Estudiantes-2025A,es,CO,0
est129,Nombre129,Apellido129,est129@colegio-demo.edu.co,oauth2,Estudiantes-2025A,es,CO,0
est130,Nombre130,Apellido130,est130@colegio-demo.edu.co,oauth2,Estudiantes-2025A,es,CO,0
est131,Nombre131,Apellido131,est131@colegio-demo.edu.co,oauth2,Estudiantes-2025A,es,CO,0
est132,Nombre132,Apellido132,est132@colegio-demo.edu.co,oauth2,Estudiantes-2025A,es,CO,0
est133,Nombre133,Apellido133,est133@colegio-demo.edu.co,oauth2,Estudiantes-2025A,es,CO,0
est134,Nombre134,Apellido134,est134@colegio-demo.edu.co,oauth2,Estudiantes-2025A,es,CO,0
est135,Nombre135,Apellido135,est135@colegio-demo.edu.co,oauth2,Estudiantes-2025A,es,CO,0
est136,Nombre136,Apellido136,est136@colegio-demo.edu.co,oauth2,Estudiantes-2025A,es,CO,0
est137,Nombre137,Apellido137,est137@colegio-demo.edu.co,oauth2,Estudiantes-2025A,es,CO,0
est138,Nombre138,Apellido138,est138@colegio-demo.edu.co,oauth2,Estudiantes-2025A,es,CO,0
est139,Nombre139,Apellido139,est139@colegio-demo.edu.co,oauth2,Estudiantes-2025A,es,CO,0
est140,Nombre140,Apellido140,est140@colegio-demo.edu.co,oauth2,Estudiantes-2025A,es,CO,0
est141,Nombre141,Apellido141,est141@colegio-demo.edu.co,oauth2,Estudiantes-2025A,es,CO,0
est142,Nombre142,Apellido142,est142@colegio-demo.edu.co,oauth2,Estudiantes-2025A,es,CO,0
est143,Nombre143,Apellido143,est143@colegio-demo.edu.co,oauth2,Estudiantes-2025A,es,CO,0
est144,Nombre144,Apellido144,est144@colegio-demo.edu.co,oauth2,Estudiantes-2025A,es,CO,0
est145,Nombre145,Apellido145,est145@colegio-demo.edu.co,oauth2,Estudiantes-2025A,es,CO,0
est146,Nombre146,Apellido146,est146@colegio-demo.edu.co,oauth2,Estudiantes-2025A,es,CO,0
est147,Nombre147,Apellido147,est147@colegio-demo.edu.co,oauth2,Estudiantes-2025A,es,CO,0
est148,Nombre148,Apellido148,est148@colegio-demo.edu.co,oauth2,Estudiantes-2025A,es,CO,0
est149,Nombre149,Apellido149,est149@colegio-demo.edu.co,oauth2,Estudiantes-2025A,es,CO,0
est150,Nombre150,Apellido150,est150@colegio-demo.edu.co,oauth2,Estudiantes-2025A,es,CO,0
est151,Nombre151,Apellido151,est151@colegio-demo.edu.co,oauth2,Estudiantes-2025A,es,CO,0
est152,Nombre152,Apellido152,est152@colegio-demo.edu.co,oauth2,Estudiantes-2025A,es,CO,0
est153,Nombre153,Apellido153,est153@colegio-demo.edu.co,oauth2,Estudiantes-2025A,es,CO,0
est154,Nombre154,Apellido154,est154@colegio-demo.edu.co,oauth2,Estudiantes-2025A,es,CO,0
est155,Nombre155,Apellido155,est155@colegio-demo.edu.co,oauth2,Estudiantes-2025A,es,CO,0
est156,Nombre156,Apellido156,est156@colegio-demo.edu.co,oauth2,Estudiantes-2025A,es,CO,0
est157,Nombre157,Apellido157,est157@colegio-demo.edu.co,oauth2,Estudiantes-2025A,es,CO,0
est158,Nombre158,Apellido158,est158@colegio-demo.edu.co,oauth2,Estudiantes-2025A,es,CO,0
est159,Nombre159,Apellido159,est159@colegio-demo.edu.co,oauth2,Estudiantes-2025A,es,CO,0
est160,Nombre160,Apellido160,est160@colegio-demo.edu.co,oauth2,Estudiantes-2025A,es,CO,0
est161,Nombre161,Apellido161,est161@colegio-demo.edu.co,oauth2,Estudiantes-2025A,es,CO,0
est162,Nombre162,Apellido162,est162@colegio-demo.edu.co,oauth2,Estudiantes-2025A,es,CO,0
est163,Nombre163,Apellido163,est163@colegio-demo.edu.co,oauth2,Estudiantes-2025A,es,CO,0
est164,Nombre164,Apellido164,est164@colegio-demo.edu.co,oauth2,Estudiantes-2025A,es,CO,0
est165,Nombre165,Apellido165,est165@colegio-demo.edu.co,oauth2,Estudiantes-2025A,es,CO,0
est166,Nombre166,Apellido166,est166@colegio-demo.edu.co,oauth2,Estudiantes-2025A,es,CO,0
est167,Nombre167,Apellido167,est167@colegio-demo.edu.co,oauth2,Estudiantes-2025A,es,CO,0
est168,Nombre168,Apellido168,est168@colegio-demo.edu.co,oauth2,Estudiantes-2025A,es,CO,0
est169,Nombre169,Apellido169,est169@colegio-demo.edu.co,oauth2,Estudiantes-2025A,es,CO,0
est170,Nombre170,Apellido170,est170@colegio-demo.edu.co,oauth2,Estudiantes-2025A,es,CO,0
est171,Nombre171,Apellido171,est171@colegio-demo.edu.co,oauth2,Estudiantes-2025A,es,CO,0
est172,Nombre172,Apellido172,est172@colegio-demo.edu.co,oauth2,Estudiantes-2025A,es,CO,0
est173,Nombre173,Apellido173,est173@colegio-demo.edu.co,oauth2,Estudiantes-2025A,es,CO,0
est174,Nombre174,Apellido174,est174@colegio-demo.edu.co,oauth2,Estudiantes-2025A,es,CO,0
est175,Nombre175,Apellido175,est175@colegio-demo.edu.co,oauth2,Estudiantes-2025A,es,CO,0
est176,Nombre176,Apellido176,est176@colegio-demo.edu.co,oauth2,Estudiantes-2025A,es,CO,0
est177,Nombre177,Apellido177,est177@colegio-demo.edu.co,oauth2,Estudiantes-2025A,es,CO,0
est178,Nombre178,Apellido178,est178@colegio-demo.edu.co,oauth2,Estudiantes-2025A,es,CO,0
est179,Nombre179,Apellido179,est179@colegio-demo.edu.co,oauth2,Estudiantes-2025A,es,CO,0
est180,Nombre180,Apellido180,est180@colegio-demo.edu.co,oauth2,Estudiantes-2025A,es,CO,0
est181,Nombre181,Apellido181,est181@colegio-demo.edu.co,oauth2,Estudiantes-2025A,es,CO,0
est182,Nombre182,Apellido182,est182@colegio-demo.edu.co,oauth2,Estudiantes-2025A,es,CO,0
est183,Nombre183,Apellido183,est183@colegio-demo.edu.co,oauth2,Estudiantes-2025A,es,CO,0
est184,Nombre184,Apellido184,est184@colegio-demo.edu.co,oauth2,Estudiantes-2025A,es,CO,0
est185,Nombre185,Apellido185,est185@colegio-demo.edu.co,oauth2,Estudiantes-2025A,es,CO,0
est186,Nombre186,Apellido186,est186@colegio-demo.edu.co,oauth2,Estudiantes-2025A,es,CO,0
est187,Nombre187,Apellido187,est187@colegio-demo.edu.co,oauth2,Estudiantes-2025A,es,CO,0
est188,Nombre188,Apellido188,est188@colegio-demo.edu.co,oauth2,Estudiantes-2025A,es,CO,0
est189,Nombre189,Apellido189,est189@colegio-demo.edu.co,oauth2,Estudiantes-2025A,es,CO,0
est190,Nombre190,Apellido190,est190@colegio-demo.edu.co,oauth2,Estudiantes-2025A,es,CO,0
est191,Nombre191,Apellido191,est191@colegio-demo.edu.co,oauth2,Estudiantes-2025A,es,CO,0
est192,Nombre192,Apellido192,est192@colegio-demo.edu.co,oauth2,Estudiantes-2025A,es,CO,0
est193,Nombre193,Apellido193,est193@colegio-demo.edu.co,oauth2,Estudiantes-2025A,es,CO,0
est194,Nombre194,Apellido194,est194@colegio-demo.edu.co,oauth2,Estudiantes-2025A,es,CO,0
est195,Nombre195,Apellido195,est195@colegio-demo.edu.co,oauth2,Estudiantes-2025A,es,CO,0
est196,Nombre196,Apellido196,est196@colegio-demo.edu.co,oauth2,Estudiantes-2025A,es,CO,0
est197,Nombre197,Apellido197,est197@colegio-demo.edu.co,oauth2,Estudiantes-2025A,es,CO,0
est198,Nombre198,Apellido198,est198@colegio-demo.edu.co,oauth2,Estudiantes-2025A,es,CO,0
est199,Nombre199,Apellido199,est199@colegio-demo.edu.co,oauth2,Estudiantes-2025A,es,CO,0
est200,Nombre200,Apellido200,est200@colegio-demo.edu.co,oauth2,Estudiantes-2025A,es,CO,0
est201,Nombre201,Apellido201,est201@colegio-demo.edu.co,oauth2,Estudiantes-2025A,es,CO,0
est202,Nombre202,Apellido202,est202@colegio-demo.edu.co,oauth2,Estudiantes-2025A,es,CO,0
est203,Nombre203,Apellido203,est203@colegio-demo.edu.co,oauth2,Estudiantes-2025A,es,CO,0
est204,Nombre204,Apellido204,est204@colegio-demo.edu.co,oauth2,Estudiantes-2025A,es,CO,0
est205,Nombre205,Apellido205,est205@colegio-demo.edu.co,oauth2,Estudiantes-2025A,es,CO,0
est206,Nombre206,Apellido206,est206@colegio-demo.edu.co,oauth2,Estudiantes-2025A,es,CO,0
est207,Nombre207,Apellido207,est207@colegio-demo.edu.co,oauth2,Estudiantes-2025A,es,CO,0
est208,Nombre208,Apellido208,est208@colegio-demo.edu.co,oauth2,Estudiantes-2025A,es,CO,0
est209,Nombre209,Apellido209,est209@colegio-demo.edu.co,oauth2,Estudiantes-2025A,es,CO,0
est210,Nombre210,Apellido210,est210@colegio-demo.edu.co,oauth2,Estudiantes-2025A,es,CO,0
est211,Nombre211,Apellido211,est211@colegio-demo.edu.co,oauth2,Estudiantes-2025A,es,CO,0
est212,Nombre212,Apellido212,est212@colegio-demo.edu.co,oauth2,Estudiantes-2025A,es,CO,0
est213,Nombre213,Apellido213,est213@colegio-demo.edu.co,oauth2,Estudiantes-2025A,es,CO,0
est214,Nombre214,Apellido214,est214@colegio-demo.edu.co,oauth2,Estudiantes-2025A,es,CO,0
est215,Nombre215,Apellido215,est215@colegio-demo.edu.co,oauth2,Estudiantes-2025A,es,CO,0
est216,Nombre216,Apellido216,est216@colegio-demo.edu.co,oauth2,Estudiantes-2025A,es,CO,0
est217,Nombre217,Apellido217,est217@colegio-demo.edu.co,oauth2,Estudiantes-2025A,es,CO,0
est218,Nombre218,Apellido218,est218@colegio-demo.edu.co,oauth2,Estudiantes-2025A,es,CO,0
est219,Nombre219,Apellido219,est219@colegio-demo.edu.co,oauth2,Estudiantes-2025A,es,CO,0
est220,Nombre220,Apellido220,est220@colegio-demo.edu.co,oauth2,Estudiantes-2025A,es,CO,0
est221,Nombre221,Apellido221,est221@colegio-demo.edu.co,oauth2,Estudiantes-2025A,es,CO,0
est222,Nombre222,Apellido222,est222@colegio-demo.edu.co,oauth2,Estudiantes-2025A,es,CO,0
est223,Nombre223,Apellido223,est223@colegio-demo.edu.co,oauth2,Estudiantes-2025A,es,CO,0
est224,Nombre224,Apellido224,est224@colegio-demo.edu.co,oauth2,Estudiantes-2025A,es,CO,0
est225,Nombre225,Apellido225,est225@colegio-demo.edu.co,oauth2,Estudiantes-2025A,es,CO,0
est226,Nombre226,Apellido226,est226@colegio-demo.edu.co,oauth2,Estudiantes-2025A,es,CO,0
est227,Nombre227,Apellido227,est227@colegio-demo.edu.co,oauth2,Estudiantes-2025A,es,CO,0
est228,Nombre228,Apellido228,est228@colegio-demo.edu.co,oauth2,Estudiantes-2025A,es,CO,0
est229,Nombre229,Apellido229,est229@colegio-demo.edu.co,oauth2,Estudiantes-2025A,es,CO,0
est230,Nombre230,Apellido230,est230@colegio-demo.edu.co,oauth2,Estudiantes-2025A,es,CO,0
est231,Nombre231,Apellido231,est231@colegio-demo.edu.co,oauth2,Estudiantes-2025A,es,CO,0
est232,Nombre232,Apellido232,est232@colegio-demo.edu.co,oauth2,Estudiantes-2025A,es,CO,0
est233,Nombre233,Apellido233,est233@colegio-demo.edu.co,oauth2,Estudiantes-2025A,es,CO,0
est234,Nombre234,Apellido234,est234@colegio-demo.edu.co,oauth2,Estudiantes-2025A,es,CO,0
est235,Nombre235,Apellido235,est235@colegio-demo.edu.co,oauth2,Estudiantes-2025A,es,CO,0
est236,Nombre236,Apellido236,est236@colegio-demo.edu.co,oauth2,Estudiantes-2025A,es,CO,0
est237,Nombre237,Apellido237,est237@colegio-demo.edu.co,oauth2,Estudiantes-2025A,es,CO,0
est238,Nombre238,Apellido238,est238@colegio-demo.edu.co,oauth2,Estudiantes-2025A,es,CO,0
est239,Nombre239,Apellido239,est239@colegio-demo.edu.co,oauth2,Estudiantes-2025A,es,CO,0
est240,Nombre240,Apellido240,est240@colegio-demo.edu.co,oauth2,Estudiantes-2025A,es,CO,0
est241,Nombre241,Apellido241,est241@colegio-demo.edu.co,oauth2,Estudiantes-2025A,es,CO,0
est242,Nombre242,Apellido242,est242@colegio-demo.edu.co,oauth2,Estudiantes-2025A,es,CO,0
est243,Nombre243,Apellido243,est243@colegio-demo.edu.co,oauth2,Estudiantes-2025A,es,CO,0
est244,Nombre244,Apellido244,est244@colegio-demo.edu.co,oauth2,Estudiantes-2025A,es,CO,0
est245,Nombre245,Apellido245,est245@colegio-demo.edu.co,oauth2,Estudiantes-2025A,es,CO,0
est246,Nombre246,Apellido246,est246@colegio-demo.edu.co,oauth2,Estudiantes-2025A,es,CO,0
est247,Nombre247,Apellido247,est247@colegio-demo.edu.co,oauth2,Estudiantes-2025A,es,CO,0
est248,Nombre248,Apellido248,est248@colegio-demo.edu.co,oauth2,Estudiantes-2025A,es,CO,0
est249,Nombre249,Apellido249,est249@colegio-demo.edu.co,oauth2,Estudiantes-2025A,es,CO,0
est250,Nombre250,Apellido250,est250@colegio-demo.edu.co,oauth2,Estudiantes-2025A,es,CO,0
est251,Nombre251,Apellido251,est251@colegio-demo.edu.co,oauth2,Estudiantes-2025A,es,CO,0
est252,Nombre252,Apellido252,est252@colegio-demo.edu.co,oauth2,Estudiantes-2025A,es,CO,0
est253,Nombre253,Apellido253,est253@colegio-demo.edu.co,oauth2,Estudiantes-2025A,es,CO,0
est254,Nombre254,Apellido254,est254@colegio-demo.edu.co,oauth2,Estudiantes-2025A,es,CO,0
est255,Nombre255,Apellido255,est255@colegio-demo.edu.co,oauth2,Estudiantes-2025A,es,CO,0
est256,Nombre256,Apellido256,est256@colegio-demo.edu.co,oauth2,Estudiantes-2025A,es,CO,0
est257,Nombre257,Apellido257,est257@colegio-demo.edu.co,oauth2,Estudiantes-2025A,es,CO,0
est258,Nombre258,Apellido258,est258@colegio-demo.edu.co,oauth2,Estudiantes-2025A,es,CO,0
est259,Nombre259,Apellido259,est259@colegio-demo.edu.co,oauth2,Estudiantes-2025A,es,CO,0
est260,Nombre260,Apellido260,est260@colegio-demo.edu.co,oauth2,Estudiantes-2025A,es,CO,0
est261,Nombre261,Apellido261,est261@colegio-demo.edu.co,oauth2,Estudiantes-2025A,es,CO,0
est262,Nombre262,Apellido262,est262@colegio-demo.edu.co,oauth2,Estudiantes-2025A,es,CO,0
est263,Nombre263,Apellido263,est263@colegio-demo.edu.co,oauth2,Estudiantes-2025A,es,CO,0
est264,Nombre264,Apellido264,est264@colegio-demo.edu.co,oauth2,Estudiantes-2025A,es,CO,0
est265,Nombre265,Apellido265,est265@colegio-demo.edu.co,oauth2,Estudiantes-2025A,es,CO,0
est266,Nombre266,Apellido266,est266@colegio-demo.edu.co,oauth2,Estudiantes-2025A,es,CO,0
est267,Nombre267,Apellido267,est267@colegio-demo.edu.co,oauth2,Estudiantes-2025A,es,CO,0
est268,Nombre268,Apellido268,est268@colegio-demo.edu.co,oauth2,Estudiantes-2025A,es,CO,0
est269,Nombre269,Apellido269,est269@colegio-demo.edu.co,oauth2,Estudiantes-2025A,es,CO,0
est270,Nombre270,Apellido270,est270@colegio-demo.edu.co,oauth2,Estudiantes-2025A,es,CO,0
est271,Nombre271,Apellido271,est271@colegio-demo.edu.co,oauth2,Estudiantes-2025A,es,CO,0
est272,Nombre272,Apellido272,est272@colegio-demo.edu.co,oauth2,Estudiantes-2025A,es,CO,0
est273,Nombre273,Apellido273,est273@colegio-demo.edu.co,oauth2,Estudiantes-2025A,es,CO,0
est274,Nombre274,Apellido274,est274@colegio-demo.edu.co,oauth2,Estudiantes-2025A,es,CO,0
est275,Nombre275,Apellido275,est275@colegio-demo.edu.co,oauth2,Estudiantes-2025A,es,CO,0
est276,Nombre276,Apellido276,est276@colegio-demo.edu.co,oauth2,Estudiantes-2025A,es,CO,0
est277,Nombre277,Apellido277,est277@colegio-demo.edu.co,oauth2,Estudiantes-2025A,es,CO,0
est278,Nombre278,Apellido278,est278@colegio-demo.edu.co,oauth2,Estudiantes-2025A,es,CO,0
est279,Nombre279,Apellido279,est279@colegio-demo.edu.co,oauth2,Estudiantes-2025A,es,CO,0
est280,Nombre280,Apellido280,est280@colegio-demo.edu.co,oauth2,Estudiantes-2025A,es,CO,0
est281,Nombre281,Apellido281,est281@colegio-demo.edu.co,oauth2,Estudiantes-2025A,es,CO,0
est282,Nombre282,Apellido282,est282@colegio-demo.edu.co,oauth2,Estudiantes-2025A,es,CO,0
est283,Nombre283,Apellido283,est283@colegio-demo.edu.co,oauth2,Estudiantes-2025A,es,CO,0
est284,Nombre284,Apellido284,est284@colegio-demo.edu.co,oauth2,Estudiantes-2025A,es,CO,0
est285,Nombre285,Apellido285,est285@colegio-demo.edu.co,oauth2,Estudiantes-2025A,es,CO,0
est286,Nombre286,Apellido286,est286@colegio-demo.edu.co,oauth2,Estudiantes-2025A,es,CO,0
est287,Nombre287,Apellido287,est287@colegio-demo.edu.co,oauth2,Estudiantes-2025A,es,CO,0
est288,Nombre288,Apellido288,est288@colegio-demo.edu.co,oauth2,Estudiantes-2025A,es,CO,0
est289,Nombre289,Apellido289,est289@colegio-demo.edu.co,oauth2,Estudiantes-2025A,es,CO,0
est290,Nombre290,Apellido290,est290@colegio-demo.edu.co,oauth2,Estudiantes-2025A,es,CO,0
est291,Nombre291,Apellido291,est291@colegio-demo.edu.co,oauth2,Estudiantes-2025A,es,CO,0
est292,Nombre292,Apellido292,est292@colegio-demo.edu.co,oauth2,Estudiantes-2025A,es,CO,0
est293,Nombre293,Apellido293,est293@colegio-demo.edu.co,oauth2,Estudiantes-2025A,es,CO,0
est294,Nombre294,Apellido294,est294@colegio-demo.edu.co,oauth2,Estudiantes-2025A,es,CO,0
est295,Nombre295,Apellido295,est295@colegio-demo.edu.co,oauth2,Estudiantes-2025A,es,CO,0
est296,Nombre296,Apellido296,est296@colegio-demo.edu.co,oauth2,Estudiantes-2025A,es,CO,0
est297,Nombre297,Apellido297,est297@colegio-demo.edu.co,oauth2,Estudiantes-2025A,es,CO,0
est298,Nombre298,Apellido298,est298@colegio-demo.edu.co,oauth2,Estudiantes-2025A,es,CO,0
est299,Nombre299,Apellido299,est299@colegio-demo.edu.co,oauth2,Estudiantes-2025A,es,CO,0
est300,Nombre300,Apellido300,est300@colegio-demo.edu.co,oauth2,Estudiantes-2025A,es,CO,0
